<modbusServer Version="2.0">
  <modbusRegister name="COILS">
    <mapping variable="All_Enable" parent="Micro850" dataType="Bool" address="000021" va="0x448">
      <MBVarInfo ElemType="Bool" SubElemType="Any" DataTypeSize="1" />
    </mapping>
    <mapping variable="Motor_Enable" parent="Micro850" dataType="Bool" address="000022" va="0x449">
      <MBVarInfo ElemType="Bool" SubElemType="Any" DataTypeSize="1" />
    </mapping>
    <mapping variable="Motor_RotateDirection" parent="Micro850" dataType="Bool" address="000023" va="0x44a">
      <MBVarInfo ElemType="Bool" SubElemType="Any" DataTypeSize="1" />
    </mapping>
  </modbusRegister>
  <modbusRegister name="HOLDING_REGISTERS">
    <mapping variable="All_Status" parent="Micro850" dataType="Int" address="400001">
      <MBVarInfo ElemType="Int" SubElemType="Any" DataTypeSize="2" />
    </mapping>
    <mapping variable="All_Time" parent="Micro850" dataType="Real" address="400005">
      <MBVarInfo ElemType="Real" SubElemType="Any" DataTypeSize="4" />
    </mapping>
    <mapping variable="Frequency_Set" parent="Micro850" dataType="Real" address="400009">
      <MBVarInfo ElemType="Real" SubElemType="Any" DataTypeSize="4" />
    </mapping>
    <mapping variable="Frequency_Feedback" parent="Micro850" dataType="Real" address="400013">
      <MBVarInfo ElemType="Real" SubElemType="Any" DataTypeSize="4" />
    </mapping>
    <mapping variable="Pulse_Real@Encoder" parent="Encoder" dataType="Real" address="400017">
      <MBVarInfo ElemType="Real" SubElemType="Any" DataTypeSize="4" />
    </mapping>
    <mapping variable="Pulse_Abs@Encoder" parent="Encoder" dataType="Real" address="400021">
      <MBVarInfo ElemType="Real" SubElemType="Any" DataTypeSize="4" />
    </mapping>
    <mapping variable="Pos_Set" parent="Micro850" dataType="Real" address="400025">
      <MBVarInfo ElemType="Real" SubElemType="Any" DataTypeSize="4" />
    </mapping>
    <mapping variable="Pos_Init" parent="Micro850" dataType="Real" address="400029">
      <MBVarInfo ElemType="Real" SubElemType="Any" DataTypeSize="4" />
    </mapping>
    <mapping variable="Pos_Move" parent="Micro850" dataType="Real" address="400033">
      <MBVarInfo ElemType="Real" SubElemType="Any" DataTypeSize="4" />
    </mapping>
    <mapping variable="Pos_Feedback" parent="Micro850" dataType="Real" address="400037">
      <MBVarInfo ElemType="Real" SubElemType="Any" DataTypeSize="4" />
    </mapping>
    <mapping variable="Pos_Kp@Pos" parent="Pos" dataType="Real" address="400041">
      <MBVarInfo ElemType="Real" SubElemType="Any" DataTypeSize="4" />
    </mapping>
    <mapping variable="Pos_Ti@Pos" parent="Pos" dataType="Real" address="400045">
      <MBVarInfo ElemType="Real" SubElemType="Any" DataTypeSize="4" />
    </mapping>
    <mapping variable="Pos_Td@Pos" parent="Pos" dataType="Real" address="400049">
      <MBVarInfo ElemType="Real" SubElemType="Any" DataTypeSize="4" />
    </mapping>
    <mapping variable="Turnback_Pos1" parent="Micro850" dataType="Real" address="400053">
      <MBVarInfo ElemType="Real" SubElemType="Any" DataTypeSize="4" />
    </mapping>
    <mapping variable="Turnback_Pos2" parent="Micro850" dataType="Real" address="400057">
      <MBVarInfo ElemType="Real" SubElemType="Any" DataTypeSize="4" />
    </mapping>
    <mapping variable="Turnback_Pos3" parent="Micro850" dataType="Real" address="400061">
      <MBVarInfo ElemType="Real" SubElemType="Any" DataTypeSize="4" />
    </mapping>
    <mapping variable="Turnback_Time1" parent="Micro850" dataType="Real" address="400065">
      <MBVarInfo ElemType="Real" SubElemType="Any" DataTypeSize="4" />
    </mapping>
    <mapping variable="Turnback_Time2" parent="Micro850" dataType="Real" address="400069">
      <MBVarInfo ElemType="Real" SubElemType="Any" DataTypeSize="4" />
    </mapping>
    <mapping variable="Turnback_Time3" parent="Micro850" dataType="Real" address="400073">
      <MBVarInfo ElemType="Real" SubElemType="Any" DataTypeSize="4" />
    </mapping>
    <mapping variable="Speed_Set" parent="Micro850" dataType="Real" address="400077">
      <MBVarInfo ElemType="Real" SubElemType="Any" DataTypeSize="4" />
    </mapping>
    <mapping variable="Speed_Feedback" parent="Micro850" dataType="Real" address="400081">
      <MBVarInfo ElemType="Real" SubElemType="Any" DataTypeSize="4" />
    </mapping>
    <mapping variable="Speed_Kp@Speed" parent="Speed" dataType="Real" address="400085">
      <MBVarInfo ElemType="Real" SubElemType="Any" DataTypeSize="4" />
    </mapping>
    <mapping variable="Speed_Ti@Speed" parent="Speed" dataType="Real" address="400089">
      <MBVarInfo ElemType="Real" SubElemType="Any" DataTypeSize="4" />
    </mapping>
    <mapping variable="Speed_Td@Speed" parent="Speed" dataType="Real" address="400093">
      <MBVarInfo ElemType="Real" SubElemType="Any" DataTypeSize="4" />
    </mapping>
  </modbusRegister>
</modbusServer>